epoch,step,val/mae_best,val/mae,val/loss
0,0,175.7634735107422,175.7634735107422,60016.11328125
