epoch,step,val/mae_best,val/mae,val/loss
0,0,109.9164810180664,109.9164810180664,27400.8984375
